"id","date","score"
10,16924,82
19,16934,94
24,17079,98
31,17029,84
45,16966,84
48,16982,94
50,16966,80
56,17015,90
58,16898,73
61,16990,94
66,17046,100
67,17093,94
73,17071,92
76,17079,98
77,17079,96
80,16903,98
95,17000,86
98,16876,96
101,16946,98
102,17108,85
116,16948,76
125,16941,92
132,16930,81
140,16905,85
141,16979,100
146,17091,84
151,17008,92
164,17115,87
178,16975,66
180,17155,94
184,17077,98
187,16932,89
190,17141,100
192,16980,90
217,17056,90
221,16932,100
226,16944,82
231,16861,88
234,17071,81
236,17091,96
239,16946,84
240,17078,82
247,17119,86
251,16968,96
253,17143,96
256,17093,96
258,17066,78
267,17003,84
268,17007,91
272,16938,78
273,17064,78
275,17105,96
279,16939,98
281,16958,96
286,17107,82
290,16967,89
298,17087,88
299,16987,96
300,16904,68
302,17046,89
305,16939,87
315,17115,92
320,17064,68
323,17113,94
326,17031,82
328,17127,81
335,16848,79
337,16941,90
379,16962,74
383,16941,100
385,16990,83
386,16920,82
393,17004,84
394,17001,96
395,17001,96
397,17053,94
400,16960,100
403,16983,81
413,17043,78
420,16925,78
421,16941,89
422,17071,94
423,17045,85
428,16989,96
429,16954,87
430,16941,82
431,16946,92
435,17147,92
436,17102,87
438,16881,90
442,16868,86
443,16876,92
447,17052,96
462,16941,94
463,16988,88
468,17091,79
470,17064,87
473,17071,94
475,17107,90
477,16897,88
479,17011,87
480,16918,86
483,16926,96
484,16993,91
485,17142,96
486,17018,93
488,16946,89
489,17003,79
494,16933,74
496,16903,91
500,17133,89
502,17141,98
505,16959,90
507,17133,90
509,17042,90
510,17114,87
519,17022,85
520,16941,98
521,17058,68
522,16988,94
527,17079,84
529,16966,90
538,17072,86
539,17105,96
542,17080,86
544,16960,78
547,16903,98
551,17112,81
552,16937,87
557,16981,85
558,16860,92
562,17023,98
580,17042,92
587,16960,96
588,16967,83
589,17133,85
591,16967,83
606,16939,86
610,17032,94
615,17000,92
619,16946,88
625,17065,90
628,17135,90
631,17074,98
639,17057,94
642,16969,94
659,17109,87
665,17079,83
670,17058,86
691,17063,90
695,17074,94
703,16969,66
726,17114,72
741,16962,83
744,16976,90
758,17022,94
773,17140,96
774,17140,90
786,17035,80
792,17091,90
795,16959,96
796,17112,90
798,17144,83
799,16960,92
821,16958,85
824,17108,80
826,16944,83
827,16972,84
830,17010,82
835,16965,81
843,17091,86
845,17011,94
847,16938,87
852,17043,74
854,16966,82
856,16989,94
874,17086,94
876,16939,83
880,17085,84
884,17079,83
891,17098,92
892,16940,77
903,16982,90
905,17065,98
917,17046,96
919,16890,92
920,16890,100
929,16974,98
935,17063,100
941,17017,92
943,17109,87
949,16840,100
950,17149,85
951,16917,88
952,17105,88
961,17056,94
966,16961,87
972,17114,83
984,16965,87
985,16966,79
993,16990,94
994,17023,88
999,16924,81
1000,17063,81
1002,17073,90
1003,16988,88
1005,16923,84
1008,17017,94
1018,16958,96
1021,17032,91
1026,17008,87
1031,17059,80
1036,17057,90
1042,17016,92
1047,17001,84
1075,16869,90
1081,17063,96
1085,17144,92
1090,16917,100
1102,16871,82
1103,17134,98
1111,16973,87
1116,17056,96
1122,17088,86
1124,16890,89
1125,16948,96
1127,16967,94
1139,16972,80
1144,17073,79
1146,16965,74
1147,17102,98
1151,16926,90
1154,17056,76
1156,16892,92
1157,17092,96
1193,16828,83
1199,16905,90
1203,17087,98
1204,16840,92
1219,17105,91
1231,17122,85
1232,16944,98
1241,17155,92
1243,16939,94
1244,16944,72
1249,17070,78
1265,16955,98
1269,17060,100
1289,17141,94
1294,17009,93
1296,17071,88
1300,17071,65
1318,16994,81
1322,17038,89
1332,16918,86
1337,17108,88
1339,17156,90
1341,17039,100
1344,16961,100
1345,17004,79
1350,16939,77
1351,16981,96
1352,17134,86
1354,17072,92
1359,17099,100
1362,17002,84
1366,16954,90
1368,16916,91
1381,17133,85
1389,17100,78
1396,16966,94
1398,16961,96
1399,17108,98
1409,17144,96
1413,16910,100
1426,17100,70
1427,17063,85
1434,17140,96
1438,17078,90
1442,16861,85
1444,17088,100
1454,16968,94
1465,16952,94
1466,17028,98
1469,17133,98
1482,16869,90
1487,17156,96
1493,16891,92
1505,17035,100
1508,16953,88
1511,17045,81
1515,17085,93
1516,17085,90
1517,17085,94
1526,17001,80
1532,16945,91
1534,17127,88
1544,17079,100
1549,17105,92
1555,16871,100
1564,17032,98
1565,17039,79
1566,16987,85
1567,16910,87
1568,16836,88
1571,16904,85
1579,16967,88
1582,16917,83
1584,17031,86
1594,17065,76
1595,17002,94
1598,16926,90
1607,17056,88
1608,17144,94
1609,16888,83
1614,17144,100
1615,16925,98
1617,16953,77
1619,16980,94
1626,17077,92
1631,17050,77
1632,17023,92
1641,17025,84
1649,17141,98
1664,17155,90
1674,17095,87
1685,17093,76
1687,16946,96
1692,17022,82
1700,17121,89
1703,17133,92
1710,16898,88
1724,17100,83
1726,17010,91
1727,16997,88
1734,16871,82
1741,16941,92
1747,17066,79
1753,16959,88
1754,17137,86
1757,17017,79
1764,16952,93
1768,16987,87
1778,17050,94
1791,16933,86
1792,16955,90
1796,17079,81
1797,16987,90
1798,17031,98
1800,17022,82
1811,17142,94
1813,17009,85
1815,17011,75
1823,17045,90
1829,16937,92
1830,16916,86
1831,17039,91
1833,16904,78
1836,16923,81
1837,17004,85
1843,17036,75
1844,16941,92
1850,17035,80
1852,16944,92
1856,17042,85
1865,17017,91
1867,16903,94
1870,16989,80
1880,16885,84
1882,16913,89
1894,16939,94
1896,17043,90
1903,16868,86
1912,17042,80
1921,16958,85
1922,17086,86
1926,17086,86
1930,17093,83
1932,16953,87
1936,16946,90
1939,17149,98
1942,17073,81
1949,17039,94
1950,16967,87
1952,17155,94
1954,17107,88
1959,17016,85
1968,16990,77
1970,17142,86
1972,17112,88
1973,17087,69
1977,16888,87
1978,17091,80
1983,16945,98
1989,16968,96
1991,16925,91
1992,17009,73
1994,17023,92
2002,17058,98
2004,16954,83
2007,17155,88
2008,16997,86
2012,16975,90
2017,17098,92
2020,17149,74
2027,17106,81
2031,17105,90
2032,17105,85
2039,17022,85
2044,16888,93
2047,16952,88
2050,16933,89
2051,16883,96
2053,17010,96
2055,17091,81
2057,17008,87
2066,17077,85
2070,16966,80
2072,17077,87
2077,17092,83
2085,17113,78
2094,17078,96
2104,16827,85
2106,16829,100
2107,16927,92
2110,17050,63
2115,16827,62
2117,16927,100
2124,16875,96
2127,17091,79
2131,16982,92
2134,17114,87
2143,16961,86
2144,17022,79
2168,17121,92
2172,16967,78
2175,17004,96
2189,17029,79
2193,16994,82
2216,16898,85
2218,16868,100
2219,17029,74
2223,17065,77
2226,17109,84
2228,16835,96
2233,16945,85
2234,17092,83
2240,16952,79
2244,16961,96
2245,16910,92
2249,17039,90
2252,17155,96
2256,16939,76
2261,16890,96
2262,16890,94
2263,16939,61
2266,16876,94
2274,16955,93
2279,16910,94
2280,17038,82
2282,16931,83
2292,17135,79
2293,17122,94
2299,17001,96
2305,16947,89
2309,17052,83
2315,17142,88
2317,17029,93
2318,16974,92
2326,16864,72
2331,17036,72
2334,17035,88
2335,17042,94
2336,17030,90
2337,17085,92
2343,17106,96
2346,17094,92
2347,16958,87
2352,16861,98
2356,17112,93
2357,17071,86
2358,16853,89
2360,17042,94
2363,16860,98
2369,16884,86
2374,16945,83
2384,16883,91
2385,17016,96
2387,16953,84
2409,17045,94
2418,16987,83
2420,17156,96
2421,17035,90
2427,17043,89
2428,17059,84
2433,17098,98
2437,17133,80
2447,17035,92
2454,17100,90
2455,17063,96
2469,17092,98
2472,17102,100
2483,17051,96
2495,17025,100
2497,16959,85
2501,17149,94
2505,16853,92
2519,17134,90
2523,17030,89
2535,17025,96
2542,16955,81
2544,17140,81
2553,17004,89
2555,17073,96
2559,16955,90
2561,16842,66
2578,17133,100
2588,16847,98
2589,16889,92
2592,16897,100
2596,16961,74
2597,17025,94
2599,16966,74
2601,16870,92
2610,17091,90
2622,16947,61
2632,17011,90
2638,17134,81
2645,16946,96
2646,17052,90
2649,17042,86
2652,17092,77
2653,16937,90
2659,16966,78
2664,17107,85
2667,16910,98
2676,16934,100
2684,17107,83
2689,17133,98
2690,17099,92
2692,17036,85
2697,17011,90
2706,16968,89
2709,16848,84
2716,17101,82
2717,16933,75
2724,17073,92
2725,16932,90
2731,17011,86
2733,17056,96
2739,17063,88
2743,17098,84
2749,17133,94
2750,16953,92
2755,17140,85
2756,16891,98
2758,17036,86
2764,17043,70
2766,17088,81
2767,16863,96
2768,16875,92
2777,16955,94
2778,17065,83
2780,16911,92
2785,16980,79
2788,16944,90
2797,17093,86
2798,17140,86
2799,16910,100
2807,17024,81
2808,16917,74
2810,16840,98
2818,17060,92
2821,16980,83
2829,16954,94
2833,17107,83
2836,17072,90
2837,17018,93
2840,16927,94
2841,16927,90
2843,16856,94
2849,17119,90
2854,17059,82
2858,16939,87
2861,17085,96
2862,16827,100
2863,16834,92
2866,17065,92
2869,17133,100
2870,17157,71
2883,16958,87
2884,17113,100
2885,17037,71
2893,16987,80
2898,17108,94
2899,17148,94
2902,16983,81
2917,17079,89
2919,17079,96
2920,16926,100
2922,17151,76
2924,17142,82
2925,17142,88
2926,16882,88
2927,17015,92
2928,17149,100
2929,16987,94
2932,17133,96
2933,17015,88
2934,17016,87
2941,17002,73
2942,17028,90
2943,17071,90
2945,17086,80
2949,16867,100
2952,17016,96
2955,16960,75
2957,16994,92
2969,16934,69
2970,16945,92
2972,16937,88
2973,16855,96
2974,17004,89
2978,16953,96
2980,17098,89
2984,16953,96
2987,16941,89
2996,17052,86
3006,16980,74
3014,16960,92
3016,17119,62
3019,16926,92
3021,17142,85
3025,17107,88
3029,17043,82
3031,17073,82
3032,17149,100
3038,16972,73
3043,16920,94
3046,16979,94
3048,17092,76
3050,16918,90
3053,16933,90
3054,16961,89
3055,17064,94
3056,16860,94
3059,16870,89
3061,17002,96
3065,17045,83
3073,17036,70
3076,17028,88
3082,17123,78
3084,17051,85
3091,17001,91
3095,16982,85
3102,17043,87
3112,17107,83
3114,17149,90
3115,17114,68
3116,17039,93
3120,16867,91
3121,17057,87
3122,16954,85
3123,17072,72
3129,16953,100
3133,16902,85
3134,16962,82
3151,17119,62
3155,16899,83
3156,17080,86
3160,17039,85
3161,16974,87
3165,17077,79
3167,17112,78
3185,17077,96
3186,17133,100
3189,16931,85
3190,16933,91
3196,16962,87
3207,16871,100
3210,16987,96
3211,17028,83
3216,16954,94
3218,16953,82
3222,16911,84
3228,16890,92
3229,17105,84
3237,17071,77
3241,17050,86
3248,17105,89
3252,17007,86
3253,17080,94
3256,17079,87
3260,17074,96
3262,16911,100
3263,16990,96
3265,16912,93
3267,17001,96
3280,17057,88
3285,17079,77
3286,16987,70
3296,16920,96
3299,16904,83
3300,16932,98
3302,17044,94
3304,17105,87
3309,17106,67
3316,16931,66
3317,17050,93
3323,16884,96
3324,16863,89
3325,17029,83
3328,16931,92
3329,17023,92
3335,17028,83
3337,17008,85
3338,16966,90
3343,17051,96
3350,17060,96
3365,16811,100
3373,16857,96
3374,16891,100
3375,16875,83
3393,17123,96
3394,17105,92
3403,16871,100
3405,17022,75
3420,17045,85
3425,17063,92
3428,16902,100
3429,17137,90
3431,16979,100
3433,16953,86
3437,16916,92
3439,17087,96
3443,17008,90
3444,16925,92
3445,16911,89
3446,16946,91
3456,17031,73
3459,16813,77
3476,16973,87
3478,17113,98
3480,17119,79
3481,16805,83
3482,16916,81
3485,17112,85
3488,17115,87
3490,16892,100
3491,17015,67
3492,16814,100
3496,17137,92
3497,16946,92
3498,16937,94
3503,17114,100
3504,16982,94
3510,17114,68
3512,16868,98
3515,17024,100
3518,16955,100
3519,16955,100
3522,17140,78
3524,17011,94
3525,16898,98
3528,16988,78
3529,16917,96
3536,17151,86
3538,16960,98
3543,16938,94
3547,16938,90
3548,17043,86
3550,16896,81
3562,17112,92
3566,16972,80
3571,17015,78
3587,17044,68
3591,17060,90
3594,16890,88
3607,16948,92
3611,16980,90
3614,17087,76
3615,16939,98
3616,16946,90
3621,17052,92
3623,17032,88
3626,17059,94
3630,16982,90
3631,16967,94
3639,17007,87
3640,17021,86
3643,16974,87
3645,17066,94
3649,17074,86
3651,16990,81
3659,16955,88
3661,17086,74
3664,16972,74
3665,17015,78
3674,17088,92
3676,17029,87
3690,16938,96
3693,17029,76
3707,16953,100
3715,17063,79
3727,16995,84
3728,17023,79
3736,16896,91
3738,17042,92
3743,16875,89
3752,16966,94
3757,16974,88
3769,17106,98
3790,16847,100
3791,16847,92
3794,17107,85
3795,16966,98
3796,16925,100
3800,17102,88
3803,16994,98
3816,17010,67
3817,17079,71
3822,16960,90
3834,16888,100
3838,17018,72
3839,17028,87
3850,17150,87
3859,17030,87
3861,17099,89
3862,16994,75
3868,16868,96
3869,16993,90
3870,17134,82
3871,17036,90
3875,16988,65
3877,16924,83
3881,16932,76
3885,16968,83
3895,17011,78
3902,16939,98
3910,16973,81
3911,16961,90
3920,16937,88
3924,16890,87
3926,17134,90
3929,16960,96
3936,16896,94
3942,17091,94
3948,17079,94
3951,16820,84
3953,17029,79
3955,17060,86
3982,17037,92
4056,17016,100
4057,17011,91
4068,16941,96
4071,16919,83
4072,16941,88
4078,16953,98
4085,16841,98
4127,16935,92
4140,17052,94
4145,16987,94
4158,17092,94
4184,17127,96
4209,16890,98
4249,16864,92
4323,17077,88
4372,16857,100
4412,17155,92
4416,16974,96
4421,17030,89
4425,17102,94
4434,16960,96
4438,17036,100
4447,16953,91
4449,17150,80
4461,16937,81
4462,16953,84
4465,17009,92
4469,17004,92
4474,17056,96
4475,17134,100
4476,16867,96
4478,17098,100
4480,17140,100
4481,17029,100
4483,17064,92
4492,16979,90
4495,16840,100
4502,17107,82
4509,16931,90
4519,17045,96
4533,17155,90
4538,17078,90
4539,16954,96
4542,16955,94
4544,16959,94
4545,17080,96
4546,16858,94
4548,17099,94
4553,17070,92
4555,16905,92
4558,16972,89
4584,17057,98
4586,17155,96
4590,16997,82
4592,17051,94
4593,16974,98
4607,16876,69
4608,17147,92
4610,16919,94
4614,17029,75
4618,17028,100
4620,17035,90
4621,16979,73
4622,17065,82
4623,16923,89
4627,16982,87
4630,16948,98
4636,17149,94
4637,16959,92
4638,17014,88
4642,17115,82
4643,16933,67
4650,16948,96
4654,16969,82
4656,17085,96
4665,17155,94
4667,16954,96
4668,17009,100
4670,17045,75
4671,16952,98
4672,17141,84
4678,17112,83
4681,17060,100
4683,17044,90
4685,17138,96
4686,16955,92
4688,17144,94
4694,16958,92
4700,16975,96
4702,17060,92
4703,17063,75
4705,16876,83
4706,17063,81
4716,17058,92
4718,17008,92
4729,17101,81
4732,17093,90
4734,16949,80
4753,17115,88
4754,17007,86
4755,16973,94
4762,17091,90
4774,17036,84
4777,17037,83
4782,17031,90
4787,16980,83
4789,16982,88
4791,17035,78
4797,17052,90
4798,17047,76
4800,17147,98
4801,17115,94
4803,16966,73
4804,17141,86
4806,17152,94
4824,17032,96
4828,17000,98
4837,17073,100
4842,16973,90
4843,17017,93
4846,16966,78
4849,16891,84
4850,17152,90
4859,17011,92
4860,16948,96
4864,17141,84
4868,17044,94
4874,16923,90
4881,17095,90
4884,16820,94
4893,16939,90
4894,17098,85
4896,16997,100
4905,17070,96
4906,16945,98
4914,16883,92
4917,17050,78
4920,17023,96
4922,17126,96
4932,16959,85
4935,17094,81
4944,17156,96
4947,16965,98
4952,17114,96
4957,16996,94
4959,16860,90
4960,17077,89
4978,16867,92
4982,16941,98
4983,17122,69
4985,16938,100
4986,17043,87
4987,17038,100
4992,16930,96
4999,17077,77
5000,16976,94
5006,17091,96
5010,17078,86
5011,17046,92
5016,16966,90
5017,16996,80
5025,17017,92
5032,17067,96
5033,16905,94
5038,16949,90
5039,16889,87
5049,17017,71
5053,16961,91
5071,16882,84
5074,16962,88
5077,17039,100
5083,17067,96
5084,17067,94
5085,17067,92
5090,17077,82
5091,17038,90
5096,17002,92
5104,16982,98
5118,17142,98
5136,16925,98
5150,16990,80
5156,17098,84
5206,17142,88
5215,16861,92
5243,16997,100
5256,17064,90
5257,17149,91
5258,16975,94
5268,17028,87
5278,16841,96
5291,16860,90
5297,16855,92
5301,16832,92
5307,16955,94
5310,16954,92
5312,16948,96
5313,16939,92
5316,16967,88
5322,16966,98
5345,17079,100
5409,17079,100
5420,17079,100
5430,16946,98
5434,16974,98
5437,16862,100
5441,17032,94
5448,17085,100
5449,16901,96
5450,17085,100
5451,16901,100
5452,16901,100
5453,16901,92
5454,16901,98
5455,17085,100
5457,17085,92
5458,16901,100
5459,17085,98
5460,17027,98
5461,17085,98
5462,16901,96
5463,17027,93
5464,17027,100
5465,16901,98
5466,16901,96
5467,17027,100
5470,17085,94
5471,17085,98
5473,16901,100
5474,16901,98
5476,17027,98
5477,17085,92
5478,17085,91
5479,17085,92
5480,16901,98
5483,16901,100
5484,16901,100
5485,16901,98
5486,17027,96
5487,17085,96
5488,17085,90
5489,16901,89
5490,16901,100
5491,16901,98
5493,17085,100
5494,17085,100
5495,17085,96
5496,17085,96
5497,17085,87
5498,16901,93
5499,17085,100
5500,17027,100
5501,17027,92
5502,17085,98
5503,16901,100
5504,16941,94
5505,16901,100
5506,16901,100
5507,16901,96
5508,16901,100
5509,16901,91
5511,16901,100
5519,17085,96
5520,17085,96
5521,17085,100
5522,17085,98
5523,16901,100
5524,17085,98
5528,16901,96
5530,17042,98
5544,16901,96
5552,16948,96
5564,16937,90
5578,17042,100
5605,17079,100
5610,16975,96
5617,17027,100
5618,17085,100
5619,16901,98
5620,16901,96
5621,17027,96
5622,17085,96
5623,17085,94
5624,17085,100
5626,17085,94
5627,16901,100
5628,17085,96
5629,17085,100
5630,17085,96
5631,17085,94
5632,17085,100
5633,17085,92
5634,17085,98
5635,17027,96
5636,16901,96
5639,17085,94
5640,17085,90
5641,17085,100
5642,16901,100
5643,17085,98
5644,17085,92
5645,17085,90
5646,17085,100
5647,17085,100
5648,17085,100
5649,17085,92
5650,17027,94
5651,17085,96
5652,16901,100
5653,17105,96
5654,17105,96
5657,16901,100
5658,16901,98
5744,17042,100
5760,16829,100
5787,17044,100
5788,17046,100
5789,17044,100
5790,17045,100
5791,17060,94
5792,17043,100
5794,17051,96
5796,17072,98
5797,17080,98
5799,17058,100
5801,17088,100
5802,17086,98
5803,16910,96
5804,17063,100
5805,17045,92
5807,17045,98
5808,17052,98
5810,17053,92
5811,17056,98
5812,17071,98
5813,17060,98
5814,17046,100
5815,17064,96
5816,17113,98
5817,17043,87
5818,17108,100
5819,17113,100
5820,17046,88
5821,17063,100
5823,16882,92
5824,17063,100
5825,17052,100
5827,17064,96
5828,17119,100
5829,17091,100
5830,17099,100
5831,17042,100
5833,17064,100
5834,17064,96
5835,17051,98
5837,17107,91
5838,17135,91
5839,17053,100
5841,16927,91
5842,16902,94
5843,17114,96
5844,17113,98
5847,17036,100
5848,17095,100
5849,17099,96
5850,17042,100
5851,17108,98
5852,17050,96
5853,17087,100
5854,17088,92
5855,17107,88
5856,17050,96
5858,17058,100
5859,17058,98
5860,17065,100
5862,17060,100
5864,17064,96
5865,17060,98
5866,16898,96
5867,17058,100
5868,17052,90
5869,17064,96
5870,17060,91
5871,17063,100
5872,17065,100
5874,17058,100
5875,17050,92
5876,17058,93
5877,17065,100
5878,17064,98
5880,17057,98
5881,17042,100
5883,17060,100
5884,17050,100
5885,17050,100
5886,17051,96
5888,17070,100
5889,17065,100
5891,17060,98
5892,17109,98
5893,17057,100
5894,17057,100
5895,16897,100
5897,17058,100
5898,17057,100
5899,17064,100
5901,17065,98
5902,17056,100
5903,17053,96
5904,17071,100
5905,17064,94
5907,17085,100
5908,17064,90
5912,16937,100
5913,17050,92
5919,17087,98
5925,17038,70
5926,17060,100
5927,17064,92
5935,16897,100
5938,17058,86
5940,17066,100
5942,17053,96
5946,17056,98
5948,17053,91
5950,17044,92
5951,17080,96
5952,17063,98
5953,17088,96
5955,17052,93
5958,17052,100
5959,17064,100
5960,16927,92
5961,17063,92
5962,17119,96
5963,17071,96
5965,17065,100
5966,17067,93
5968,16808,100
5970,17057,96
5973,17058,98
5974,17107,96
5975,16939,92
5976,17067,96
5977,16920,98
5980,16994,100
5982,16909,96
5985,16829,100
5990,17074,98
5993,17028,100
5995,16814,96
5997,17101,98
5998,17087,93
5999,16882,92
6000,16884,92
6001,16920,96
6005,17037,93
6009,16995,100
6010,17121,96
6012,16988,100
6016,16988,91
6025,17133,90
6029,16939,100
6030,16983,94
6032,17056,96
6037,17039,100
6432,17140,91
6500,17016,92
6564,17011,75
6583,17102,90
6619,16807,84
6620,17014,88
6625,17074,98
6636,16973,96
6643,16961,69
6654,16821,70
6660,16836,70
6677,17017,96
6680,17155,96
6686,16920,98
6718,16878,96
6729,16988,81
6734,16933,82
6739,17155,86
6756,17142,100
6768,17077,89
6800,17113,94
6802,17081,100
6813,16983,98
6860,16905,88
6863,17077,98
6864,17095,90
6904,17088,96
6912,17024,86
6913,17107,98
6944,17065,77
6948,16861,88
6962,17155,88
6965,17014,87
6966,16808,94
7033,16953,94
7055,17114,87
7085,16925,98
7087,16983,92
7095,16864,98
7105,17001,94
7112,16896,100
7119,16848,77
7206,17070,100
7207,16898,94
7211,17070,100
7214,16862,83
7216,17068,77
7241,17050,96
7243,17126,83
7275,17127,98
7276,16930,92
7335,17038,100
7361,16924,86
7372,16898,90
7375,17128,100
7379,17059,92
7449,17105,100
7450,17137,88
7456,16882,100
7457,16834,98
7461,17057,100
7464,16939,100
7474,16923,93
7475,16876,96
7477,16939,98
7479,17133,88
7480,16829,94
7482,17098,94
7488,16994,79
7493,17102,84
7495,17098,96
7496,16939,88
7512,16891,84
7517,16925,98
7519,16994,100
7525,17150,98
7527,17025,96
7528,16939,92
7529,17002,98
7530,17047,96
7537,16941,86
7538,17072,96
7546,16896,100
7547,16807,94
7555,17091,100
7558,16924,90
7561,16883,88
7562,17039,100
7571,17127,92
7575,16955,90
7576,17001,100
7589,16969,82
7599,17101,98
7600,16995,100
7601,16995,98
7602,16939,96
7603,16995,100
7605,17072,98
7610,16981,96
7617,17024,94
7618,17024,96
7636,17093,81
7640,16959,100
7641,16839,96
7643,17071,74
7645,16861,88
7646,17099,94
7649,16996,98
7652,17000,86
7653,16974,98
7655,17057,94
7661,16968,86
7663,16987,94
7664,17067,96
7678,17007,73
7689,17024,98
7691,16939,87
7711,16960,82
7715,17057,94
7722,16939,98
7728,17092,100
7736,16988,84
7738,17059,80
7744,17022,98
7745,17115,94
7747,17145,88
7759,17010,89
7761,16923,92
7762,16988,83
7764,16955,96
7765,17017,91
7768,16974,100
7771,16983,88
7772,16989,90
7778,17023,96
7779,17137,96
7786,17092,96
7856,17142,84
7880,17011,94
7997,16981,96
8202,16931,69
8249,17037,94
8251,17150,98
8750,17015,93
8821,16871,100
8823,17011,100
8847,17133,83
8882,16884,98
8948,17157,90
9103,17137,89
9155,17080,92
9156,17037,87
9164,17025,83
9208,17057,80
9232,17133,90
9273,17092,85
9283,16976,87
9289,17119,90
9298,16947,85
9310,17092,89
9328,17078,89
9358,17073,100
9359,16958,90
9444,17016,96
9599,16994,76
9631,16925,92
9672,16896,100
9679,16952,81
9710,16993,94
9727,17016,94
9745,17004,96
9869,16941,98
9873,16976,87
9948,16834,83
10011,17072,80
10030,17046,92
10083,16875,88
10102,16889,74
10127,17015,93
10131,17014,87
10170,17053,82
10227,16841,92
10238,16828,64
10280,16864,96
10282,17051,86
10284,17059,96
10332,17008,77
10363,17051,85
10373,16949,85
10376,17134,94
10377,17085,93
10433,17100,90
10438,17142,92
10470,17067,86
10540,17011,89
10615,16995,96
10625,16926,84
10668,16967,96
10875,16855,92
10876,16983,87
10877,16975,81
10886,17105,78
10931,16869,80
10986,17023,92
10990,17119,84
11018,17015,83
11079,17133,92
11289,17015,96
11304,17032,90
11379,17072,85
11416,16923,94
11487,17027,100
11488,17027,100
11491,16890,100
11492,16850,88
11568,17016,94
11835,17071,96
11860,16891,88
12199,16980,92
12285,17009,100
12344,16932,96
12768,16995,92
12970,16829,83
13041,17016,98
13062,17058,87
13226,16906,98
13313,16939,100
13374,17108,98
13426,17114,92
13427,17016,94
13428,17113,90
13564,16932,100
13623,17023,87
13671,17063,94
13753,17035,91
13814,17074,82
13831,17021,77
13837,17107,98
13838,16923,100
13965,17151,96
14005,16934,92
14071,17015,96
14075,16993,94
14303,16855,98
14568,17134,82
14575,16955,96
14577,16930,89
14688,17044,96
14740,17108,100
14743,17108,100
14909,17100,98
14910,17100,98
14971,17063,96
15055,17156,93
15120,16988,88
15184,17010,89
15279,17086,92
15535,17149,93
15738,17080,100
15752,16905,98
15806,17015,96
16047,16847,98
16162,16984,100
16286,17123,88
16349,17092,88
16419,17101,100
16432,17137,100
16441,17141,82
17411,17056,73
17508,16898,100
17570,17042,83
17723,16975,88
17750,17098,81
17762,17085,82
17763,17037,100
17779,17108,90
17822,17077,100
17933,16857,84
17946,16989,100
17947,16931,84
18047,16862,83
18079,16923,92
18120,17149,96
18126,16927,96
18268,16967,94
18310,17038,90
18369,17113,63
18399,17077,96
18400,16932,100
18403,16925,92
18422,17043,98
18443,16938,82
18480,17064,83
18514,17092,79
18538,16903,98
18573,17063,83
18577,17148,96
18580,16940,100
18581,17148,96
18606,16976,92
18686,16975,70
18728,17025,76
18755,16994,82
18767,17067,88
18800,17057,81
18805,16959,94
18815,17099,90
18824,16960,86
18825,17140,94
18826,17070,83
18855,17134,94
18870,16968,65
18874,16930,92
18940,17074,94
18952,16962,100
18953,16962,100
18954,16962,100
18981,16967,96
18996,17015,98
19002,17073,90
19003,17015,70
19025,17007,89
19041,17115,85
19043,17144,87
19055,17135,92
19056,17135,96
19057,17135,96
19058,17135,96
19060,16959,96
19061,16959,92
19076,16855,76
19082,16959,96
19087,16977,100
19094,17078,94
19131,16968,86
19138,16954,84
19150,17109,94
19169,16976,92
19170,17042,98
19171,17056,94
19205,17064,94
19277,17074,90
19357,16961,75
19379,17114,89
19380,16939,94
19386,16959,86
19403,17035,98
19416,17157,94
19440,17147,71
19641,16968,80
20116,17142,87
20291,16871,82
20327,16953,90
20367,17145,81
20625,16981,100
21101,16885,94
21143,17037,98
21429,16952,92
21583,17031,100
21785,17038,82
21807,17134,93
21909,17149,96
21982,16958,90
22606,16905,79
23068,17043,90
23701,17043,71
23702,16910,89
23704,17081,90
23865,17029,83
24198,16927,80
24279,17028,94
24437,17018,87
24457,16933,82
24572,17135,87
24930,17070,90
24936,16961,77
25048,17114,81
25151,16899,92
25153,16899,98
25160,16899,100
25161,16899,98
25162,16899,98
25163,16899,100
25167,17143,92
25301,17156,81
25374,16987,89
25375,16952,98
25404,17031,83
25572,17052,80
25651,17042,100
26146,17112,100
26149,16983,80
26341,16954,98
26343,17028,94
26348,17080,81
27053,17044,94
27055,17011,92
27056,17078,82
27306,16939,94
27350,17070,78
27377,17039,87
27472,16904,85
27680,16867,72
27737,17016,86
27790,16996,96
27791,16983,96
27793,17071,83
27799,16993,87
27851,17077,96
27852,17095,93
27854,17044,98
27874,16808,98
27947,16995,92
27949,16853,80
27964,16906,90
27986,17092,94
28035,17021,89
28044,17151,98
28169,17141,90
28193,16954,87
28206,17002,72
28318,17014,85
28468,16834,79
28976,16993,100
29246,16923,86
29304,16893,81
29429,16988,80
29610,16848,67
29948,16969,87
29950,16973,86
29956,16953,88
30001,17123,96
30156,17053,100
30478,16874,96
30496,17001,90
31568,16854,98
32170,17029,90
32200,16953,81
32556,16804,96
32570,16876,90
32578,16952,94
32579,17007,96
32586,17050,96
32625,16917,94
32671,16981,84
32682,16959,94
32683,16959,94
32684,16959,92
32693,16967,92
32698,16995,88
32702,17065,81
32729,16930,86
32733,17094,96
32736,17151,90
32738,17073,91
32818,17152,92
32823,17035,94
32835,17022,94
32845,16987,75
32862,16980,92
32872,16856,96
32887,16811,88
32925,16834,94
32992,16989,93
33011,16958,93
33012,16917,100
33054,16916,93
33056,16933,87
33069,17157,91
33077,16885,96
33084,17065,92
33093,16920,100
33113,16882,94
33125,17037,86
33145,17028,90
33160,17140,94
33173,17065,94
33190,16988,100
33198,17017,91
33222,16920,87
33247,16876,98
33272,17144,96
33315,17115,98
33386,17102,90
33388,16976,96
33413,17088,98
33442,17017,89
33468,17078,84
33516,16906,89
33527,16969,86
33564,17038,84
33568,17038,90
33620,16946,94
33638,16968,94
33641,16959,94
33700,17092,94
33709,17155,98
33710,17029,94
33712,16953,74
33728,16955,94
33731,17011,88
33747,16918,78
33837,16933,96
33851,17092,85
33891,17096,85
33911,17080,68
33914,17016,90
33916,17036,80
33920,16941,80
33935,17011,96
33997,17101,100
33998,16977,100
33999,16812,82
34033,17095,98
34046,16836,100
34066,17102,90
34102,17081,90
34126,16948,76
34144,17149,82
34161,17092,87
34186,17044,100
34201,17056,100
34220,17038,100
34221,17002,90
34222,17002,92
34244,17057,96
34331,16862,100
34352,16853,100
34353,16853,93
34354,16853,100
34387,16905,96
34395,17011,89
34411,17035,96
34418,17009,98
34434,16853,68
34458,17035,90
34585,16832,56
34611,17147,83
34647,17058,98
34649,16969,91
34662,17102,85
34665,17073,87
34676,16954,63
34708,17000,94
34710,17126,94
34726,17002,88
34728,17148,90
34743,17039,71
34746,16979,87
34787,16944,94
34814,16911,87
34865,16864,83
34885,17029,79
34910,17093,88
35026,16848,65
35199,16962,88
35221,17015,77
35340,17064,96
35415,17038,100
35418,17115,85
35464,17065,96
35469,17144,90
35503,16871,98
35507,17144,90
35565,16994,90
35591,17036,96
35659,16948,65
35660,17102,86
35702,17127,79
35771,16910,96
35786,16932,84
35790,17024,98
35805,16909,78
35812,17071,98
35828,17078,79
35852,17140,94
35862,17140,94
35884,17112,94
36001,17114,92
36023,16979,91
36024,17091,90
36160,17143,94
36177,17032,98
36178,16892,85
36201,17030,94
36208,17100,92
36213,17058,100
36214,16954,100
36215,16954,100
36216,16954,98
36274,17058,100
36396,17056,100
36412,16924,94
36451,17066,100
36452,17001,94
36473,17147,94
36474,17024,94
36494,16995,86
36512,17038,92
36513,17052,91
36523,16889,85
36534,17051,92
36547,17038,98
36570,17152,85
36571,17102,74
36602,16867,96
36618,17057,88
36645,16870,91
36673,17045,79
36685,17099,91
36687,16925,98
36695,17109,98
36699,16828,80
36730,17080,88
36744,16821,71
36750,16972,96
36758,17149,86
36840,17107,92
36850,17079,88
36861,17010,96
36875,16898,98
36876,17114,91
36911,16905,81
37060,17009,83
37115,16988,75
37141,17056,86
37151,17014,82
37152,16994,81
37166,17150,92
37167,17150,96
37168,17150,98
37169,17150,100
37170,17150,96
37171,17150,98
37231,17038,82
37232,17036,96
37256,16987,88
37304,17147,85
37319,16903,98
37350,17004,96
37361,16888,96
37389,17140,90
37405,16965,72
37407,16994,77
37456,17050,88
37462,16941,96
37482,16962,87
37507,16939,94
37633,16940,72
37639,16841,92
37651,17119,87
37654,16952,86
37656,16917,98
37667,17031,79
37682,17002,100
37688,17008,98
37698,17009,83
37717,16863,94
37731,17015,90
37732,16993,92
37792,16987,96
37802,16959,92
37818,17074,69
37820,17115,94
37832,16954,89
37833,16975,100
37882,16882,88
37986,16938,92
38030,16890,100
38072,16945,82
38073,16972,94
38091,16939,89
38106,16870,91
38112,17123,88
38126,17126,94
38139,17149,87
38179,16938,90
38182,16850,94
38197,16912,94
38202,17025,80
38231,17038,88
38258,17038,79
38259,16994,82
38330,17086,92
38379,17121,96
38423,17114,98
38427,17072,82
38428,17109,81
38442,16909,81
38447,16988,86
38458,16933,94
38479,17032,87
38485,16980,91
38530,16933,85
38565,17101,98
38566,16996,89
38580,17065,86
38606,16896,98
38752,17022,98
38788,17004,96
38798,17079,96
38808,17044,85
38822,16953,94
38875,17059,88
38882,16955,100
38929,17156,92
39025,16875,100
39031,16981,94
39048,16975,86
39049,16911,92
39050,16878,96
39053,17025,85
39054,16857,91
39076,16843,94
39113,16979,90
39119,17000,79
39176,16898,79
39205,16934,92
39294,16835,89
39295,17010,83
39396,17071,78
39398,17067,90
39401,17079,100
39420,16890,96
39426,16949,85
39481,16895,93
39482,17027,96
39495,16899,94
39513,16974,92
39586,16935,87
39608,17052,90
39615,16890,87
39665,16983,96
39667,17050,96
39693,16939,86
39695,16975,83
39773,17004,100
39776,17066,73
39810,17010,83
39851,17080,96
39862,16989,90
39875,17107,96
39888,17073,94
39936,17133,96
39937,17070,86
39980,16931,98
40008,17105,96
40123,16932,90
40144,17098,96
40151,17008,94
40185,16994,91
40197,17156,93
40212,17128,100
40216,17058,83
40217,16923,88
40227,17113,87
57552,17141,68
57579,16958,77
57584,17077,80
57601,17101,98
57623,16885,91
57628,17121,98
57630,17058,96
57653,16926,78
57698,16863,78
57732,16905,100
57751,16896,92
57755,17002,80
57774,17001,90
58573,17095,96
58576,17045,78
58610,17045,96
58611,17070,87
58628,17085,90
58637,17000,92
58673,17036,78
58718,16995,90
58781,16997,100
58803,16973,87
58850,17050,79
58861,16890,92
58879,16967,86
58922,17044,92
58945,17037,94
59002,16945,94
59009,17070,92
59016,17002,98
59021,17004,98
59025,16946,73
59041,16941,94
59044,17001,73
59065,16959,83
59066,17010,100
59153,17094,77
59178,17107,79
59215,16945,93
59289,16954,68
59316,17011,100
59331,16917,87
59338,17010,86
59372,17093,100
59397,17091,94
59407,17070,86
59422,17127,87
59464,16985,100
59484,17085,90
59515,17086,79
59574,17053,98
59577,17051,83
59599,17126,94
59637,16884,96
59651,17032,81
59691,17039,91
59717,17035,94
59727,17024,78
59744,16847,100
59761,17029,96
59777,17036,88
59828,17157,86
59838,16952,92
59872,17002,96
59896,17021,93
59898,17058,92
59922,17156,70
59935,17073,93
59949,17095,85
59988,16868,83
60042,16995,92
60085,16917,91
60114,17067,88
60115,17022,67
60210,17134,92
60230,16962,90
60254,17066,98
60290,16972,90
60318,16821,100
60334,16981,80
60345,17014,83
60349,17149,87
60354,17123,79
60355,16944,66
60380,17007,90
60445,17127,96
60472,16945,84
60473,16826,86
60484,16975,94
60518,16932,86
60544,17073,92
60547,16976,96
60548,16976,100
60550,16983,96
60551,17108,94
60555,16939,94
60561,16870,100
60602,17064,92
60616,17009,92
60628,17016,92
60631,16967,100
60632,17083,100
60633,17101,100
60644,17157,90
60649,17029,86
60656,16992,100
60657,16967,100
60658,16977,100
60697,17112,96
60713,17004,96
60737,17077,92
60782,17039,100
60787,16909,100
60823,17029,85
60824,17029,92
60825,17029,92
60828,16934,96
60833,16917,100
60898,16931,94
60933,17093,83
60936,16926,100
60963,17056,82
60984,17029,85
61001,17018,100
61016,17047,96
61056,17058,96
61073,16976,92
61093,17080,82
61109,16980,96
61122,16827,96
61135,16972,92
61136,17007,81
61161,16807,59
61180,16987,91
61206,17037,86
61285,17071,91
61351,16967,86
61356,17000,96
61390,17050,94
61391,17039,78
61427,17001,73
61464,17024,92
61467,17046,92
61493,17113,88
61494,17134,78
61499,16955,80
61500,16855,100
61512,16980,90
61514,16806,94
61550,17044,86
61595,16904,86
61598,17057,90
61635,17051,90
61669,16918,88
61697,17036,90
61728,17064,85
61736,16853,96
61789,17088,88
61806,17087,96
61816,17010,82
61856,16904,90
61915,17108,80
61953,16961,92
61959,16972,91
61976,16910,98
62000,17112,90
62010,17091,96
62051,17002,82
62056,17023,98
62057,16947,79
62060,16944,96
62064,17032,86
62072,16835,100
62176,16814,81
62179,16981,92
62277,16920,90
62298,17063,98
62308,16834,72
62316,16827,82
62334,17060,86
62358,16890,90
62362,17053,96
62435,16925,91
62445,16974,94
62487,17064,96
62521,16959,92
62526,17045,100
62532,17107,92
62548,17017,86
62550,17133,78
62551,17105,92
62552,17105,96
62560,17127,90
62573,17023,80
62658,17083,100
62674,17102,100
62688,16863,81
62701,17157,78
62708,16939,85
62710,16932,86
62717,17017,100
62730,17102,93
62735,17112,76
62739,16967,94
62744,17044,90
62746,16994,96
62765,17121,83
62768,16934,70
62769,17071,85
62771,17038,92
62775,17056,94
62784,17065,92
62797,17058,100
62814,17030,98
62816,16995,96
62849,17036,75
62853,16927,94
62896,17148,90
62900,17091,83
62913,17098,98
62939,17051,96
62942,16807,100
62943,17046,75
62978,17043,72
62990,16967,88
63000,16960,100
63016,16969,96
63047,17050,91
63049,16814,100
63076,17107,96
63079,16890,100
63084,16953,90
63095,16996,96
63112,16953,90
63119,17000,92
63121,17016,91
63124,17073,94
63131,16974,85
63136,17114,96
63150,16840,65
63169,16861,91
63210,16934,96
63248,16941,100
63256,16898,83
63258,16959,92
63265,17067,88
63280,17133,82
63286,16965,84
63404,17106,94
63406,16987,91
63413,16983,87
63447,17127,81
63488,17004,92
63489,16910,100
63503,17002,90
63554,17141,94
63576,17155,94
63597,17045,90
63601,17081,80
63602,16976,100
63615,16960,94
63618,17072,96
63619,17042,92
63624,16932,93
63646,16923,96
63651,16923,100
63652,16923,98
63653,16923,89
63654,16923,98
63713,16944,96
63755,17081,78
63757,16993,81
63763,17011,72
63773,16875,92
63780,17007,92
63804,16965,79
63824,16952,84
63893,17064,90
63897,17091,90
63918,17065,96
63926,17050,92
63940,16870,88
63943,16930,100
63971,17056,96
64004,16960,92
64007,17088,94
64041,17086,83
64076,17140,88
64092,17086,100
64101,17098,100
64116,17101,88
64141,17098,90
64149,17083,100
64154,17071,81
64161,16860,81
64176,16910,80
64195,17098,90
64202,16840,92
64231,17008,79
64236,17099,90
64308,17008,83
64319,16850,100
64338,17000,94
64346,16954,87
64351,16965,100
64354,16812,83
64361,17080,92
64377,17066,94
64379,17098,90
64380,16905,86
64384,16981,96
64387,17088,92
64416,17134,90
64434,16987,91
64437,16992,100
64454,17149,94
64466,16990,85
64490,16985,100
64492,16997,96
64501,17044,89
64502,17074,92
64503,16975,89
64513,16939,92
64524,16982,96
64549,17147,86
64581,16828,90
64612,17038,84
64626,17086,92
64653,16953,88
64682,16829,86
64790,17001,86
64797,16981,98
64805,16903,88
64811,16939,83
64814,17014,78
64835,17098,84
64843,17098,87
64846,16974,100
64849,17035,85
64859,17087,96
64881,16848,88
64884,17102,94
64917,17003,90
64933,17119,85
64938,16829,98
64945,16973,84
65004,16938,98
65012,17015,86
65026,17114,87
65032,16939,88
65050,16960,71
65051,16973,87
65057,16955,86
65060,16955,94
65066,17023,72
65086,16994,86
65093,17083,100
65103,16948,92
65111,16834,94
65115,17071,89
65137,17023,88
65139,17010,72
65181,17004,89
65238,17141,92
65260,16966,94
65267,17141,92
65270,16955,94
65271,17079,89
65277,17155,100
65283,17157,94
65291,16904,100
65337,16932,78
65348,17065,86
65350,17071,88
65358,17016,96
65363,17155,100
65369,16882,100
65371,17032,89
65375,17029,91
65377,17155,100
65382,17065,87
65383,17112,88
65384,17155,96
65412,17063,88
65415,16932,90
65425,16826,87
65427,17036,92
65442,16987,72
65468,17009,92
65479,16997,94
65485,17068,92
65487,17067,93
65531,17023,92
65549,17045,92
65554,17039,87
65561,17080,81
65580,16932,86
65582,17028,84
65622,17133,92
65624,16946,92
65635,17037,78
65649,17141,90
65672,17092,92
65673,16843,100
65676,16975,98
65677,16926,90
65679,17149,79
65688,16926,100
65692,16835,96
65704,16974,100
65724,17113,96
65725,17113,92
65754,17050,88
65791,17115,86
65795,17135,92
65820,17095,96
65824,17059,96
65826,17099,90
65829,16982,94
65830,17004,90
65831,16960,81
65833,16934,96
65834,17022,78
65852,16857,90
65856,17038,77
65857,16959,78
65860,17017,84
65873,17028,83
65893,17051,100
65895,16997,87
65896,17030,88
65898,17141,100
65901,16952,89
65906,16905,100
65925,16897,75
66173,16937,92
66185,17070,92
66191,17004,100
66198,16930,93
66202,17101,94
66204,17113,91
66220,17038,90
66228,17119,85
66229,16959,71
66255,17141,86
66259,17133,79
66276,17036,81
66280,16906,84
66297,17042,88
66300,16952,90
66328,17074,96
66331,16968,96
66336,17007,92
66361,16897,71
66362,16822,100
66363,17134,94
66384,17010,86
66387,16839,100
66402,17091,98
66406,17072,85
66411,16959,100
66418,16938,77
66475,17112,90
66503,17032,96
66515,17009,78
66534,16904,87
66536,16904,90
66584,17022,92
66592,17102,100
66612,17066,87
66637,17135,86
66656,17101,87
66679,16924,72
66685,17140,90
66687,16906,100
66695,16966,85
66698,16862,100
66704,17106,85
66705,16933,71
66711,17018,87
66715,17022,92
66717,17018,94
66732,16979,81
66736,16903,81
66737,17144,88
66768,17079,100
66800,16863,71
66808,17094,88
66811,17105,85
66817,16855,98
66861,17064,94
66874,16917,77
66894,17113,96
66895,16955,88
66896,16899,96
66900,17029,87
66901,17100,86
66921,16855,94
66925,17037,89
66927,16966,98
66934,17107,100
66961,16871,63
66966,17008,94
66972,16944,94
66979,17079,100
66985,16983,78
66988,16920,86
66990,16953,86
66992,17079,86
66999,16959,87
67043,17137,90
67063,17100,90
67067,17011,73
67075,17056,87
67093,17067,96
67122,16911,88
67123,17015,94
67124,16949,86
67149,17064,93
67154,16967,70
67160,17024,92
67167,17083,86
67174,16981,98
67176,16905,100
67186,17017,96
67187,17085,96
67218,17016,94
67237,16905,88
67262,17079,88
67276,16921,90
67303,17086,90
67330,17038,57
67356,16898,79
67359,17059,90
67414,17083,100
67427,16925,96
67432,16961,83
67466,16884,100
67486,16833,94
67489,17009,96
67494,17137,94
67500,17122,86
67510,17037,94
67545,16923,94
67552,16883,92
67554,17046,72
67564,17113,59
67565,17147,81
67567,16937,87
67584,17108,90
67602,17115,96
67606,16857,96
67612,17108,96
67614,17016,85
67615,17024,88
67617,16892,100
67676,17105,94
67690,16973,98
67741,16911,83
67743,17093,75
67754,17119,86
67788,17140,84
67806,17011,92
67809,16961,76
67828,16952,67
67839,16875,86
67840,17061,87
67862,17085,96
67865,16934,88
67869,17140,94
67871,17050,88
67875,16934,96
67894,17003,90
67911,16807,100
67917,16962,100
67919,17087,94
67920,16959,89
67936,17108,90
67943,16988,90
67982,17074,92
67985,16980,83
68013,16884,100
68018,17147,100
68026,17028,100
68036,17028,86
68037,17063,94
68042,16855,74
68045,17149,100
68058,16926,100
68068,16876,91
68070,17107,89
68079,16856,91
68090,16972,87
68091,16954,96
68104,17042,94
68128,17101,100
68131,16958,90
68146,16939,100
68148,16976,90
68149,16953,94
68152,17081,92
68158,17036,92
68172,17009,92
68173,16997,96
68189,17085,89
68196,16890,100
68219,17004,98
68220,16945,92
68242,17007,92
68254,16980,90
68258,17100,96
68259,17091,96
68260,16939,98
68261,16939,94
68262,16995,96
68263,16939,100
68264,16946,98
68269,17098,98
68278,17147,86
68281,17058,74
68283,17144,98
68287,16910,98
68289,16835,94
68294,17119,98
68295,17072,96
68298,16982,92
68321,16898,77
68323,16933,94
68331,16960,88
68345,16878,100
68351,16990,81
68352,17119,92
68353,17077,96
68356,17042,100
68360,16896,82
68362,16861,100
68379,17035,84
68390,17042,82
68401,16917,92
68403,16828,74
68412,17043,94
68421,17156,96
68422,17156,96
68428,17087,94
68430,17113,92
68431,17064,90
68433,16869,74
68442,17017,78
68451,17053,84
68452,16910,83
68454,16854,77
68467,16955,98
68483,17029,85
68493,17091,81
68500,17012,87
68503,16896,92
68504,17112,98
68508,17078,84
68511,17095,98
68540,17126,94
68544,17106,84
68560,17056,90
68591,17031,100
68600,17023,82
68608,17106,90
68618,16897,74
68626,16948,92
68629,16958,92
68633,16924,72
68644,16955,96
68649,17089,73
68674,16874,96
68690,16899,94
68692,17091,94
68696,16966,83
68699,17100,98
68701,17087,96
68716,17032,100
68718,17093,90
68739,16870,100
68763,16994,86
68764,16923,100
68768,16959,88
68773,17036,90
68774,16954,93
68775,16832,100
68784,16931,90
68799,16947,86
68808,16980,82
68811,16884,94
68813,17099,82
68826,16835,92
68827,17008,92
68831,17007,86
68860,17039,86
68865,16980,74
68872,17094,74
68890,17016,78
68894,17108,90
68895,17021,98
68909,16989,98
68944,17072,100
68955,17051,96
68961,17004,83
68963,16896,90
68974,16955,94
68986,17050,90
68998,16980,81
69006,16881,96
69016,16864,65
69026,17144,90
69041,17098,85
69044,17085,92
69045,17085,100
69048,17085,96
69049,16901,100
69051,16901,98
69053,17027,98
69066,17070,96
69069,17056,96
69110,17085,88
69113,16983,96
69115,17058,74
69118,16996,88
69122,16981,98
69123,17016,100
69125,17073,92
69127,16863,92
69135,16901,100
69147,17140,91
69172,16945,92
69175,16953,84
69181,17108,98
69189,16961,90
69195,16920,76
69205,17079,76
69207,17098,90
69208,17121,87
69214,17094,92
69217,16967,88
69237,17029,100
69249,17099,92
69250,16989,98
69253,17156,92
69257,17114,93
69259,16902,89
69272,16874,100
69275,17030,87
69282,17077,83
69288,16952,94
69290,16919,98
69291,17156,100
69294,16888,83
69302,16945,84
69312,16959,100
69317,17058,88
69324,17099,88
69350,17115,96
69351,17157,84
69353,17051,86
69368,16926,86
69387,17128,88
69388,17065,92
69392,16982,70
69403,16965,78
69419,17023,86
69437,17030,100
69448,17150,96
69465,16862,94
69466,17087,90
69475,17030,94
69489,16878,100
69492,16926,90
69495,16975,100
69501,17038,81
69512,17009,61
69520,17063,89
69527,16883,83
69528,16892,100
69562,16926,100
69576,17009,96
69584,16933,75
69590,16927,89
69592,16889,79
69595,16937,93
69606,17002,85
69618,17008,86
69621,17085,94
69627,17082,96
69635,16898,89
69653,17004,88
69664,17015,100
69665,17123,83
69666,17023,94
69675,17004,100
69681,16836,94
69682,17077,88
69691,16871,89
69694,17112,85
69705,17122,88
69706,17095,90
69707,16879,89
69708,16835,100
69722,16965,89
69737,17036,94
69750,17023,77
69752,17011,90
69753,17011,96
69759,16990,71
69761,17149,94
69762,17100,80
69769,16980,90
69786,16897,85
69792,16903,88
69799,16842,73
69813,17105,96
69828,16939,82
69849,17015,87
69861,17114,90
69863,16946,94
69881,16932,79
69884,17137,92
69885,17009,92
69903,16992,100
69906,16981,90
69909,17017,92
69938,16806,84
69942,16983,92
69945,16928,100
69962,16969,75
69984,17058,87
70016,17044,98
70017,17085,78
70022,16891,74
70034,16966,90
70044,16935,87
70045,17006,100
70064,17142,94
70068,17113,83
70071,17046,98
70123,16843,98
70132,17016,89
70137,16932,89
70138,16871,92
70148,17057,91
70171,16994,85
70182,17151,96
70207,17056,96
70216,17023,90
70217,16860,92
70220,16932,98
70225,16854,90
70254,17053,96
70258,17039,98
70281,16820,80
70282,16974,100
70305,17002,100
70306,17050,85
70309,17016,96
70365,17017,86
70416,17156,85
70425,17081,94
70434,16960,94
70446,17155,100
70486,16890,84
70494,17065,92
70495,16847,100
70516,17038,92
70521,16953,82
70547,17099,94
70562,17087,94
70576,17016,90
70619,16967,96
70641,17107,71
70651,17144,98
70661,17113,87
70685,17008,92
70686,17007,96
70687,17114,81
70702,16995,98
70705,16868,100
70707,16889,100
70708,16995,79
70713,17112,94
70717,17058,75
70723,17098,84
70754,16983,93
70755,16888,94
70758,17098,93
70778,17086,100
70779,16979,96
70780,16891,82
70797,17037,96
70823,16876,96
70838,16962,88
70849,16863,94
70856,16898,92
70884,16953,94
70892,16967,68
70912,16989,100
70914,16979,85
70920,17064,90
70921,17106,96
70922,16870,94
70929,16940,100
70939,17128,92
70949,17134,94
70960,17003,89
70961,17065,98
70983,17087,93
70993,17017,94
70996,16973,65
71008,17140,83
71012,16862,72
71065,16870,94
71088,16958,96
71131,17079,81
71149,16947,100
71154,17053,98
71168,17098,78
71174,17071,89
71187,17036,75
71232,16868,55
71286,17044,90
71287,17056,82
71292,17156,92
71301,16937,87
71310,16953,79
71311,16962,90
71312,17002,92
71314,16876,71
71322,17011,86
71327,17147,83
71357,17039,87
71373,17105,52
71380,17092,88
71385,17032,80
71413,17083,100
71416,17119,82
71424,17066,98
71428,16953,96
71440,17126,57
71443,17148,89
71456,17140,96
71460,17156,100
71469,16996,96
71473,16967,86
71476,17142,96
71501,16992,100
71505,16985,100
71510,17105,92
71522,16981,96
71528,16941,100
71530,17072,94
71532,16890,96
71563,16987,94
71576,17155,89
71581,17062,96
71599,17010,89
71611,16879,98
71640,16905,100
71649,16903,89
71664,17068,81
71691,17045,91
71696,17123,90
71716,17071,94
71723,16959,86
71726,16905,100
71746,17044,96
71753,16932,100
71760,17112,83
71769,17031,89
71772,17123,100
71784,17031,94
71823,17157,96
71831,16987,82
71841,17067,98
71909,17079,86
71910,17115,92
71915,17046,88
71946,17043,100
71962,16892,92
71969,16934,89
71980,17052,89
71988,16925,100
71994,16926,77
71997,17053,94
72002,16946,94
72004,17108,80
72015,16910,94
72016,16917,76
72019,16927,90
72020,17102,98
72024,17011,96
72025,17107,86
72027,16953,86
72046,17031,92
72049,17023,86
72073,17039,92
72093,16832,74
72107,17133,85
72117,17149,92
72120,17137,82
72129,16888,90
72132,16903,94
72153,17022,94
72159,17150,90
72164,17098,75
72169,17092,90
72171,17037,96
72176,16856,60
73849,16891,98
73875,16984,100
73889,16882,68
73900,16975,100
73902,16925,90
73939,17096,100
73940,17012,76
73955,17134,89
73963,17000,96
73967,16934,92
73978,17057,100
73998,16898,92
74013,16952,87
74023,16909,100
74027,17133,98
74039,17092,98
74065,17009,100
74084,17009,81
74089,17080,100
74128,16850,75
74131,17053,83
74133,17135,94
74149,17142,86
74178,17157,90
74191,16988,100
74202,17067,96
74210,16897,90
74229,17089,82
74238,17000,85
74239,17127,94
74240,16994,92
74283,17038,82
74294,16945,96
74312,17056,81
74326,17027,100
74327,16901,100
74328,16901,100
74332,16901,100
74333,16901,100
74336,17027,96
74358,17141,94
74371,16954,92
74399,17141,89
74429,17087,90
74432,17074,68
74436,17037,96
74481,17127,96
74485,17112,96
74496,16974,100
74499,16814,96
74522,16996,72
74549,17099,90
74563,17134,96
74591,17028,90
74593,17115,84
74594,17079,88
74626,16828,100
74671,17157,94
74680,16937,90
74710,17057,98
74712,17011,98
74722,16945,85
74756,16906,90
74759,16982,100
74760,17085,100
74761,17108,96
74800,17137,89
74826,17001,84
74829,17067,88
74854,17045,94
74866,16965,94
74869,17063,86
74922,16921,82
74952,16979,98
74955,17087,82
74959,17066,88
74975,17028,85
74981,17079,85
74983,16939,96
74989,17074,92
74993,17067,67
74994,17086,87
74995,17133,98
74999,16883,96
75013,16987,87
75029,17017,79
75044,17086,96
75046,17031,100
75055,17133,98
75063,17043,92
75078,16996,94
75108,17000,81
75113,17045,94
75123,17141,89
75139,16995,62
75147,16925,89
75166,16946,94
75177,17035,82
75187,17133,85
75204,16965,85
75217,17044,81
75223,17128,96
75235,17113,94
75258,17099,91
75259,17099,93
75277,16945,96
75302,17148,91
75349,16948,96
75375,16979,87
75380,16919,91
75402,16925,82
75429,17137,94
75437,16976,100
75438,17076,100
75448,17042,94
75457,17113,96
75460,17126,98
75464,17102,94
75465,17137,100
75468,17148,90
75523,16932,81
75526,17029,88
75530,17144,86
75572,17060,96
75574,16966,92
75575,17037,86
75604,17022,82
75613,17106,93
75636,16940,82
75637,17042,89
75662,16932,90
75678,17044,96
75681,16960,83
75685,17123,93
75689,16989,98
75701,17063,77
75726,17002,94
75738,16903,81
75739,16816,100
75740,16816,100
75778,16965,90
75792,16972,98
75836,17057,100
75841,17102,98
75850,16993,90
75851,16997,96
75853,17032,100
75881,17081,100
75886,16836,100
75888,16889,90
75892,16981,87
75942,17002,92
75944,17155,100
75956,17035,86
75962,17035,94
75965,16962,87
75973,16962,100
76033,17057,79
76035,17078,78
76059,17076,100
76060,17083,100
76061,16960,90
76062,16974,100
76064,17079,100
76074,16959,96
76117,17017,98
76126,17083,100
76142,17037,94
76156,17030,100
76196,16967,92
76208,17070,84
76218,16944,86
76220,17098,94
76223,17085,100
76230,17085,78
76233,17085,94
76280,17109,92
76285,16895,90
76294,17141,88
76323,16961,92
76337,16949,100
76353,17035,96
76355,17085,91
76373,16912,89
76374,17155,94
76408,16990,100
76409,16953,92
76411,16959,87
76431,16807,100
76436,16939,80
76437,17060,82
76441,17112,90
76464,16949,96
76465,17030,91
76477,16917,88
76479,17011,91
76510,17064,80
76544,16980,89
76545,17030,79
76546,17066,94
76547,17134,66
76574,17114,100
76586,16989,100
76587,16960,96
76588,16980,100
76615,17106,75
76638,17106,94
76640,17044,100
76659,17126,94
76676,17009,81
76677,17063,98
76681,16990,72
76685,16854,87
76687,16994,92
76698,16994,100
76725,16920,91
76729,16925,82
76733,16891,100
76735,16960,85
76747,16966,91
76749,17156,89
76751,17076,100
76763,16937,91
76799,17065,88
76817,17046,81
76826,16939,79
76832,17045,100
76874,17106,74
76876,17052,70
76886,16891,80
76902,16996,98
76905,16995,92
76906,17025,90
76914,17144,86
76926,16959,90
76930,17043,96
76942,16973,92
76950,17135,84
76957,17071,86
76958,17064,84
76962,16889,87
76992,17072,75
76997,17073,90
76998,17045,94
77004,17127,100
77005,17060,85
77017,17149,100
77031,17074,68
77045,17135,92
77054,16960,87
77080,16955,90
77095,17008,100
77098,17011,83
77108,16904,76
77162,16910,83
77168,17106,92
77169,16994,96
77178,17073,100
77185,17140,81
77213,16925,94
77252,17045,87
77403,17015,87
77404,17015,94
77406,16944,93
77425,16988,84
77427,16924,94
77430,17032,86
77432,17144,89
77433,16993,88
77438,17080,90
77442,16993,81
77457,16972,89
77462,16966,92
77484,16889,88
77515,17016,94
77520,17060,85
77528,17044,100
77532,16966,85
77543,17099,100
77546,16937,94
77547,16995,89
77558,16959,92
77559,16884,93
77562,16938,87
77564,17112,86
77580,17088,94
77581,17115,100
77592,17076,100
77611,16903,84
77632,16868,90
77642,16982,88
77644,16973,92
77645,17036,66
77651,17149,90
77665,16969,96
77667,17073,73
77669,17119,90
77681,16961,88
77682,17155,100
77705,17079,100
77713,17009,92
77714,16981,89
77738,17142,88
77750,17077,96
77755,16948,79
77759,16932,71
77760,17106,92
77761,16967,96
77767,17133,83
77769,16911,90
77771,17086,93
77772,17066,88
77778,16923,81
77781,16933,96
77789,17102,83
77791,16911,91
77825,17043,96
77826,16878,69
77840,16920,100
77850,17085,71
77852,16883,100
77858,17052,96
77890,16934,90
77916,17078,100
77951,17023,86
77955,17032,98
77958,16960,81
77960,16954,81
77973,16911,80
77983,16941,98
78021,16959,85
78028,16961,87
78055,16965,81
78063,17079,88
78074,16940,86
78075,17086,83
78102,16980,79
78105,17156,98
78113,16980,90
78171,17009,92
78172,16890,92
78184,17141,90
78196,16820,82
78207,16997,77
78213,17066,89
78215,16926,86
78216,17021,94
78220,17079,92
78241,17017,94
78275,17011,85
78289,17107,89
78300,17077,85
78301,17126,89
78303,17155,94
78306,17001,85
78313,16884,96
78328,17037,56
78332,17011,73
78336,17003,100
78337,16939,82
78338,16987,92
78347,16941,89
78366,16941,96
78367,16901,100
78368,17085,93
78369,16901,100
78370,17027,100
78371,17085,100
78372,17085,98
78373,16901,96
78374,17085,96
78375,16901,100
78389,17155,81
78390,17102,93
78403,16843,100
78425,16948,68
78426,17142,81
78452,17126,86
78472,17121,96
78473,17143,66
78489,17066,94
78501,17155,90
78516,16944,88
78521,17030,94
78528,17155,93
78544,17099,90
78545,17000,94
78555,16974,94
78577,16902,93
78579,17058,96
78603,17099,94
78619,16912,85
78621,17000,86
78642,16981,86
78645,17001,92
78653,17027,93
78656,17085,100
78662,17057,76
78663,17015,92
78668,17035,96
78669,17037,92
78670,17141,98
78671,17025,96
78698,16944,71
78699,16963,90
78701,16928,96
78705,17039,88
78706,17085,79
78709,16925,94
78722,17074,86
78724,17031,96
78727,16981,88
78742,16993,100
78747,16848,90
78749,17105,66
78756,17113,91
78762,17077,98
78779,16863,72
78781,17024,85
78793,16856,98
78819,17043,100
78835,17004,86
78844,17091,85
78848,16974,93
78849,16974,100
78851,16974,96
78852,17045,92
78860,17031,91
78865,16945,77
78889,16974,83
78903,17081,98
78911,17079,94
78934,16976,83
78941,16988,83
78943,16962,89
78946,17092,100
78962,17045,92
78963,16987,88
78981,16958,91
78983,16954,94
78985,17025,96
78988,16938,100
78996,16925,94
79000,17085,100
79003,16901,100
79005,16901,100
79006,16901,100
79008,17027,100
79009,17085,100
79010,16901,98
79011,16901,96
79012,16901,100
79025,17085,96
79050,17093,90
79053,16947,83
79069,16990,92
79089,17083,100
79125,17081,96
79130,16879,100
79132,17101,100
79138,16973,89
79145,17023,90
79146,17085,98
79167,16976,87
79168,16990,88
79186,16904,96
79193,17099,94
79194,16918,84
79196,16966,84
79198,17087,96
79206,17043,71
79212,17058,92
79214,17108,96
79217,17064,98
79219,16896,100
79220,17073,98
79246,17071,100
79247,16965,85
79248,17008,75
79252,16997,86
79272,17073,70
79296,17022,94
79299,17022,87
79329,16996,94
79346,17142,100
79347,17063,96
79366,17119,92
79401,17093,96
79406,16903,87
79407,16983,100
79410,17036,92
79412,16927,96
79414,17091,67
79415,17126,84
79417,16988,87
79427,16988,85
79430,16960,70
79433,17042,91
79498,17042,94
79499,17063,90
79518,17072,80
79520,17086,86
79525,17150,92
79527,17045,96
79528,16871,73
79546,16968,100
79547,17083,100
79564,17155,93
79565,17037,90
79586,17027,100
79587,17027,96
79588,16901,98
79589,17027,100
79595,16927,93
79599,17016,92
79626,17080,93
79632,17051,94
79633,16953,79
79654,16966,77
79660,17105,96
79661,16954,94
79667,16931,83
79704,16975,83
79729,17092,73
79753,17088,94
79756,17149,94
79782,17112,87
79783,16966,96
79801,16965,87
79804,16939,92
79805,17046,94
79829,17142,90
79834,16961,96
79851,17043,96
79858,17058,89
79888,16892,96
79892,16979,94
79905,17085,100
79906,17085,100
79916,16888,89
79946,16854,100
79954,16905,100
79961,16989,87
79964,16909,100
79970,17150,92
79990,16974,88
80005,16962,100
80027,16955,98
80037,17113,98
80044,17016,96
80045,16958,92
80051,16899,84
80068,17060,96
80069,17103,90
80070,17115,87
80079,17025,92
80081,16812,76
80109,16815,98
80112,16996,92
80120,16896,94
80121,17113,92
80137,17079,92
80138,16975,96
80164,17016,70
80230,17018,100
80233,17000,81
80235,17112,96
80236,17078,75
80237,16948,100
80242,16930,78
80253,16808,100
80260,17007,88
80273,16870,62
80279,17107,94
80280,17087,93
80285,16841,96
80286,17099,77
80288,17078,87
80295,17094,94
80299,17108,100
80302,17099,92
80312,16910,80
80313,16916,88
80315,16960,92
80316,16958,87
80336,17023,100
80354,16982,96
80361,16833,100
80405,17101,96
80416,17037,79
80417,17119,87
80419,17074,79
80421,16995,81
80422,16934,75
80442,17154,90
80451,16833,94
80460,17147,88
80479,16997,71
80484,17107,96
80486,17133,96
80494,16990,93
80495,16981,83
80514,17099,76
80524,16875,94
80534,16975,94
80545,17149,98
80552,16937,92
80572,16843,77
80573,16875,96
80587,17079,83
80591,16829,57
80598,17087,94
80614,17157,75
80617,16861,100
80619,17149,89
80621,17149,89
80624,17149,89
80627,17053,82
80629,17043,94
80631,17001,89
80638,17141,96
80658,16983,96
80659,16975,83
80669,16884,88
80679,16860,100
80682,17016,96
80742,17156,96
80763,17057,88
80767,17064,90
80773,17115,91
80786,16870,100
80798,16961,90
80819,17135,96
80824,17140,86
80832,17133,80
80841,16835,98
80887,17102,90
80893,16805,93
80894,16933,98
80901,16966,93
80925,16973,98
80930,16878,98
80931,16966,74
80940,17028,88
80964,17128,92
80974,17002,93
80979,17000,90
80989,16941,90
80995,16828,100
80996,16898,96
81033,17035,90
81077,17035,90
81088,17009,94
81089,16974,83
81092,16983,82
81094,17037,98
81103,16825,75
81104,16816,94
81106,17024,60
81116,16988,78
81136,17000,98
81153,17009,92
81161,17091,90
81163,17025,100
81164,17053,100
81166,16969,87
81167,16834,98
81171,16854,100
81174,16945,82
81179,17028,79
81187,16930,72
81202,16955,96
81203,16937,91
81235,17093,83
81244,16916,90
81245,16988,100
81250,17009,90
81255,17009,92
81258,16975,87
81261,17098,100
81264,16841,94
81269,16857,92
81284,17148,98
81287,17127,85
81290,17126,94
81302,17141,79
81303,16979,87
81309,17106,98
81310,17149,100
81317,17127,96
81318,16910,87
81328,17053,81
81339,17001,85
81341,17101,88
81342,16984,100
81349,16875,94
81350,16938,96
81355,16947,88
81356,17095,100
81357,17023,96
81365,17038,100
81368,16905,94
81381,16871,100
81383,17098,69
81386,16967,96
81409,17009,89
81425,17032,89
81440,16911,82
81442,16975,88
81446,16959,100
81453,17014,98
81458,16860,82
81460,16967,78
81461,16981,90
81464,17018,98
81468,17141,96
81471,16953,79
81475,17091,96
81484,16965,94
81509,17140,85
81518,17019,98
81522,16834,90
81528,17142,96
81531,16905,90
81539,17029,100
81540,17038,96
81579,17046,88
81580,17100,89
81588,17150,92
81595,17042,86
81606,17066,83
81607,16973,88
81651,17022,87
81667,17045,55
81669,17156,100
81670,17023,100
81671,17023,100
81680,17074,94
81688,16946,92
81707,16882,100
81719,17063,82
81756,16931,90
81757,16895,88
81758,16895,88
81759,17080,71
81789,16949,96
81796,17064,93
81802,17092,83
81808,16925,94
81812,17064,94
81815,16974,87
81845,16981,94
81862,16862,98
81866,17085,85
81882,17100,92
81884,17141,87
81886,16924,68
81887,16976,89
81890,17092,100
81894,16832,77
81904,16946,92
81906,16946,92
81938,17157,92
81940,17018,94
81947,16870,89
81956,16995,84
81974,16981,87
81976,16981,81
81978,16919,96
81987,16979,83
81990,16972,84
81999,17040,83
82009,17060,89
82036,17085,96
82042,16860,81
82054,16976,87
82065,17083,100
82074,16857,98
82078,16969,90
82090,17078,96
82094,16968,94
82097,16910,87
82100,17156,94
82102,16949,87
82105,17025,90
82107,16946,92
82111,16983,85
82123,16965,68
82142,16979,82
82145,16958,85
82176,17056,96
82196,17067,91
82217,17100,100
82228,17053,88
82231,16842,90
82232,17072,92
82252,16979,98
82276,17024,91
82290,17022,96
82315,17094,94
82332,17093,92
82339,17046,65
82340,16939,100
82345,16976,81
82354,16995,96
82361,17002,68
82373,16906,90
82376,17002,86
82394,16970,89
82407,17079,100
82410,16876,82
82416,17003,87
82429,17073,96
82441,17083,100
82452,16934,90
82453,17067,87
82466,17141,92
82469,16911,86
82472,17079,85
82476,17114,94
82485,17014,86
82494,17095,88
82538,16973,86
82544,16967,100
82550,16861,92
82563,16871,83
82571,16875,91
82607,17008,75
82635,17119,93
82649,17059,92
82654,17134,96
82655,16927,94
82664,17114,90
82670,17050,98
82677,17018,96
82680,16988,80
82687,17076,100
82690,17024,80
82695,16931,90
82697,16949,96
82700,17127,87
82715,17142,100
82718,17142,96
82721,17142,92
82733,17015,85
82803,17023,94
82806,16814,98
82807,17144,92
82812,17079,100
82821,17067,90
82844,16901,100
82845,17027,100
82846,17085,98
82847,16901,96
82852,16901,96
82854,16901,100
82869,16987,85
82878,17082,94
82880,16948,84
82883,17040,98
82892,17106,87
82907,17091,96
82909,17056,93
82911,17037,89
82926,17077,96
82930,16987,85
82933,16901,100
82945,17071,94
82950,17053,93
82955,17115,96
82959,16857,94
82963,16949,86
82994,16992,100
82996,17008,84
82998,17008,92
83000,17008,94
83005,17008,96
83013,17008,92
83030,16974,100
83041,16989,94
83043,16974,83
83072,17119,86
83073,17123,94
83079,16984,100
83087,17076,100
83098,17149,94
83134,17009,90
83148,16917,96
83196,17115,93
83305,16827,100
83316,17119,86
83321,17008,78
83325,17004,100
83327,17028,96
83351,16876,77
83352,17014,98
83365,16868,96
83369,16965,92
83371,16906,98
83399,16988,100
83403,17056,88
83409,17141,100
83415,17046,90
83424,17065,75
83429,16980,98
83436,16980,92
83439,16980,98
83449,17100,86
83472,17051,92
83475,16863,80
83476,17095,72
83497,16974,98
83520,17128,96
83524,16870,90
83538,17001,82
83553,17072,92
83567,16979,88
83570,17010,67
83571,16808,100
83575,16902,80
83579,16966,78
83587,16927,96
83588,17144,86
83589,17064,81
83602,16982,94
83605,17059,80
83610,16967,100
83612,17066,93
83616,17042,81
83633,16902,89
83636,16946,98
83640,17043,86
83642,17042,86
83643,17091,86
83644,16960,94
83647,16996,58
83648,17150,88
83655,16996,88
83688,17063,73
83696,16966,96
83704,17109,92
83709,17021,92
83779,17028,92
83799,16955,83
83802,16982,94
83804,17126,86
83808,17051,76
83811,17076,100
83821,16979,94
83822,17008,88
83824,17039,94
83827,16870,67
83834,16994,96
83841,17112,93
83842,17092,83
83843,16843,93
83844,16981,73
83889,17149,92
83927,17107,100
83945,17037,96
83946,17102,96
83953,16864,90
83955,16917,74
83986,16976,81
83990,16980,92
83998,16920,87
84037,17057,91
84038,17022,90
84040,17150,96
84065,17045,87
84090,16979,98
84103,16976,90
84109,17078,100
84165,16840,84
84171,17157,82
84195,17155,82
84205,17030,78
84256,17144,83
84338,17081,88
84339,17095,100
84340,17023,100
84381,16980,88
84387,17010,82
84389,16997,100
84392,16834,98
84393,16836,71
84394,17043,82
84417,17000,91
84423,16876,96
84445,17142,98
84453,17140,87
84469,17137,84
84470,16994,100
84476,16977,100
84500,17115,87
84517,17009,92
84527,16997,100
84530,16883,85
84543,16967,92
84545,17095,87
84548,17101,83
84558,17073,89
84573,17059,88
84581,17010,86
84582,17052,85
84587,17089,76
84590,17037,73
84615,16980,86
84619,17052,94
84625,16966,93
84634,17082,93
84656,16903,86
84657,16933,98
84668,16903,91
84690,17037,96
84692,17149,100
84697,17092,100
84711,17107,96
84715,17121,94
84716,17151,96
84729,16959,92
84735,16819,85
84740,17087,92
84743,17021,96
84745,16827,98
84749,16997,100
84759,17008,83
84770,16939,96
84811,17082,96
84813,17142,84
84843,17105,90
84856,17070,96
84865,17008,100
84887,17106,70
84889,17133,88
84892,17100,94
84893,16931,85
84899,17147,92
84910,17101,94
84911,16961,90
84921,17072,100
84922,17063,100
84971,17100,89
84983,17081,91
85005,17076,100
85036,16967,100
85037,17141,90
85047,17121,100
85063,16968,96
85078,17083,100
85091,17015,85
85095,16960,94
85097,17107,96
85102,16961,81
85109,17072,73
85135,16994,84
85144,17060,100
85156,17101,100
85158,17098,94
85159,17065,98
85164,16910,92
85166,17079,92
85169,17057,91
85170,17155,98
85183,17149,88
85185,16966,87
85186,16974,100
85212,16932,100
85220,16876,96
85224,16973,87
85240,16840,75
85258,16896,88
85271,17088,84
85279,16960,94
85295,16987,86
85299,16976,92
85316,17018,88
85317,16991,84
85319,16875,85
85324,17059,100
85327,16860,98
85337,16902,98
85342,17032,100
85344,16897,92
85350,16926,100
85363,17133,89
85397,17070,91
85399,17126,93
85407,16953,85
85430,16821,100
85458,17040,86
85468,16904,86
85480,16981,92
85495,17091,100
85500,17000,87
85501,16945,96
85525,16829,100
85526,16903,98
85532,17037,91
85558,17148,96
85560,16808,88
85562,16974,70
85582,17095,87
85587,17071,59
85594,17107,98
85601,16857,96
85609,17088,86
85655,17042,90
85679,16877,96
85683,16832,98
85690,17009,92
85696,16988,94
85697,17137,82
85706,17052,90
85709,16949,93
85713,16923,100
85714,17140,77
85722,16822,93
85731,16974,90
85739,16870,76
85750,16890,90
85766,16955,91
85779,16869,87
85781,16871,86
85787,17056,80
85790,16897,84
85796,17071,84
85802,17023,96
85809,17029,92
85824,16981,88
85835,16835,61
85843,17070,85
85851,17073,98
85852,16883,98
85853,16829,100
85856,17030,80
85857,17074,94
85898,16807,96
85899,17112,72
85908,16970,81
85919,17101,96
85924,17073,84
85925,17105,76
85927,16843,92
85930,16828,68
85933,16902,98
85935,16902,98
85936,16902,98
85937,16902,98
85938,16902,98
85952,17092,76
85953,17142,92
85955,16987,81
85956,16982,89
85972,17079,75
85986,17085,69
85987,16882,96
85990,17023,77
86002,17127,82
86059,16955,98
86073,16827,93
86074,16812,96
86076,17141,73
86111,16855,92
86116,16972,96
86124,16857,91
86131,16946,98
86132,16827,73
86133,17009,92
86134,17025,86
86137,17145,93
86138,16834,100
86144,17156,100
86146,16856,78
86147,16923,90
86148,16871,92
86149,16822,92
86151,17037,87
86154,17044,96
86156,17101,94
86158,17088,94
86161,16863,89
86164,17101,100
86166,17036,81
86168,17078,90
86172,17001,92
86180,17140,84
86189,17070,93
86213,16972,91
86219,17101,100
86224,16896,96
86231,17095,88
86233,17076,100
86238,16847,100
86256,17000,96
86261,17037,90
86271,16980,87
86272,16924,98
86277,16879,94
86282,16960,100
86283,16990,94
86284,17079,87
86294,16996,94
86296,16854,78
86301,17067,92
86303,16877,83
86305,17101,65
86306,16937,77
86316,17150,96
86330,17021,92
86336,17108,98
86344,17121,100
86349,16829,100
86350,17035,70
86356,16970,87
86359,16996,82
86361,16879,100
86362,17067,98
86370,17092,92
86371,16857,78
86379,16995,98
86382,17134,90
86384,16913,100
86385,16874,90
86386,17070,94
86393,16987,89
86399,17101,96
86405,17064,88
86406,16918,94
86407,16918,98
86409,16918,96
86423,16980,91
86470,16876,94
86471,17073,63
86475,16968,100
86478,16947,100
86490,16879,90
86500,16847,69
86506,17107,100
86534,16926,100
86539,17023,90
86545,16941,76
86549,16888,100
86551,17022,100
86562,17150,84
86564,17105,85
86567,17043,82
86568,16918,94
86590,16911,100
86593,16995,92
86609,16987,100
86619,16987,100
86629,17071,94
86638,16926,96
86643,17122,81
86645,17002,84
86649,16864,93
86651,16981,100
86656,16933,94
86658,17100,83
86659,17058,90
86670,16885,77
86681,16874,79
86682,17086,88
86692,17121,88
86694,17088,89
86715,17115,91
86718,17121,90
86742,17011,81
86753,17128,96
86765,17010,78
86773,17140,81
86774,16881,96
86777,17003,94
86780,17043,100
86798,17067,92
86807,16891,98
86814,17149,92
86816,16995,96
86845,17092,74
86849,16949,92
86885,16904,90
86910,16973,85
86924,17014,92
86933,17140,98
86960,16948,100
86977,17066,81
86990,17108,78
86991,17144,100
86992,17144,98
86994,17144,98
86995,17144,96
86997,17144,92
87006,16896,100
87015,16982,89
87021,16934,93
87022,17016,89
87044,17072,81
87048,16933,92
87068,16969,77
87073,16958,96
87079,16959,94
87099,17115,94
87107,16912,96
87117,17022,92
87122,17092,98
87148,17092,77
87149,17101,98
87154,17101,88
87200,17152,98
87201,16946,100
87202,17152,92
87213,17021,87
87258,17133,96
87260,17107,98
87271,16926,100
87277,16934,92
87282,17095,86
87285,17133,82
87298,16932,96
87337,17025,94
87338,16995,87
87341,17092,88
87342,17092,90
87344,16976,100
87413,16979,92
87440,17014,100
87447,17101,90
87450,16974,100
87469,16958,96
87475,16987,100
87476,16987,100
87477,17101,100
87486,17076,100
87492,17143,72
87512,17087,98
87537,17150,91
87539,17126,87
87542,16924,91
87551,17004,100
87604,17126,100
87609,17121,100
87612,17032,98
87613,16972,78
87615,17056,94
87618,17099,84
87624,17141,92
87630,17147,96
87631,17081,100
87639,16989,87
87645,17056,96
87652,17003,55
87664,17029,85
87687,17000,96
87699,16989,94
87700,17102,91
87716,17150,100
87757,16994,98
87761,17086,92
87778,17085,86
87793,17086,100
87799,16973,71
87802,17141,98
87814,17007,89
87815,17021,88
87858,16980,90
87923,16960,98
87924,17071,92
87932,17137,90
87935,16967,90
87939,17018,100
87943,16976,100
87951,16996,82
87967,17093,100
88063,17003,77
88064,17024,96
88082,17043,84
88085,17051,96
88092,16983,83
88095,17147,84
88110,17134,87
88114,17052,93
88115,16994,100
88116,17066,98
88118,17029,94
88120,17133,98
88129,17056,74
88139,17126,83
88145,16989,98
88146,17015,100
88153,17148,96
88160,17066,79
88162,17066,94
88239,17063,96
88242,17044,100
88302,17021,96
88303,17035,83
88306,17029,96
88323,17117,75
88324,17083,100
88326,17081,86
88340,17024,84
88342,17044,94
88381,17073,100
88433,17123,96
88447,17030,96
88459,17109,100
88461,16994,90
88475,17039,92
88488,17102,74
88505,17078,100
88508,17155,89
88524,17071,96
88525,17014,94
88539,17150,90
88554,17010,90
88574,17126,86
88575,17078,86
88653,17024,90
88657,17043,86
88659,17025,96
88675,17038,96
88676,17107,86
88702,17028,96
88718,17149,100
88722,17106,92
88756,17133,80
88758,17064,92
88792,17045,96
88799,17032,86
88829,17083,100
88840,17087,92
88873,17092,100
88878,17032,94
88899,17053,86
88915,17044,90
88932,17158,80
88954,17042,100
89070,17156,88
89072,17066,90
89111,17093,90
89191,17101,94
89198,17056,100
89199,17056,100
89200,17056,100
89201,17085,96
89204,17056,100
89305,17074,92
89328,17141,84
89453,17093,90
89462,17073,76
89475,17135,96
89495,17082,100
89515,17108,98
89701,17141,100
89790,17134,96
89803,17150,100
89900,17141,93
